Number,Reaction,(E/R)/K,E/kcal mol⁻¹,E/KJ mol⁻¹,A,k,n,Temp./K,Radical Source,System,Reference,Notes
1,Reaction,,,,,1.02E-32,0.00E+00,1720,H₂/O₂,,1,1
2,H+O₂+M→HO₂+M,,,,,1.74E-32,0.00E+00,2030,H₂/O₂,,1,1
3,H+O₂+H₂→HO₂+H₂,,,,,1.20E-32,0.00E+00,294,H₂/Hg*,,2,2
4,H+O₂+H₂→HO₂+H₂,,,,,5.90E-32,0,298,CH₄,(F.P.),3,2
5,H+O₂+He→HO₂+He,,,,,7.42E-33,0,294,H₂/Hg*,,2,2
6,H+O₂+He→HO₂+He,,,,,1.86E-32,0.00E+00,298,CH₄,(F.P.),3,2
7,H+O₂+He→HO₂+He,,,,,1.48E-32,0.00E+00,294,H₂ Discharge,,3a,3
8,H+O₂+Ne→HO₂+Ne,,,,,1.52E-32,0,294,H₂/Hg*,,2,2
9,H+O₂+Ar→HO₂+Ar,,,,,6.03E-33,0,294,H₂/Hg*,,2,2
10,H+O₂+Ar→HO₂+Ar,,-0.69,-2.9,6.75E-33,,,220,CH₄,(F.P.),3,2
11,H+O₂+Ar→HO₂+Ar,,-0.69,-2.9,6.75E-33,,,360,CH₄,(F.P.),3,2
12,H+O₂+Ar→HO₂+Ar,,,,,5.79E-30,-1.00E+00,200,H₂/O₂,(S.T.),3b,4
13,H+O₂+Ar→HO₂+Ar,,,,,5.79E-30,-1.00E+00,2200,H₂/O₂,(S.T.),3b,4
14,H+O₂+Kr→HO₂+Kr,,,,,1.10E-32,0.00E+00,294,H₂/Hg*,,2,2
15,H+O₂+N₂→HO₂+N₂,,,,,5.50E-32,0.00E+00,298,CH₄,(F.P.),3,2
16,H+O₂+N₂→HO₂+N₂,,,,,1.85E-28,-1.42E+00,200,H₂/O₂,(S.T.),3b,4
17,H+O₂+N₂→HO₂+N₂,,,,,1.85E-28,-1.42E+00,2200,H₂/O₂,(S.T.),3b,4
18,H+O₂+O₂→HO₂+O₂,,,,,6.93E-33,0.00E+00,1900,CH₄/O₂,(T),4,5
19,H+O₂+CH₄→HO₂+CH₄,,,,,4.20E-31,0.00E+00,298,CH₄,(F.P.),3,2
20,H+O₂+HO→HO₂+HO,,,,,5.50E-37,0.00E+00,1103,H₂/O₂,(S.T.),5,
21,H+O₂+HO→HO₂+HO,,,,,1.38E-36,0.00E+00,1475,H₂/O₂/Ar,(S.T.),6,
22,H+O₂+HO→HO₂+HO,,,,,5.50E-37,0.00E+00,1903,H₂/O₂,(S.T.),5,
23,H+O₂+HO→HO₂+HO,,,,,1.38E-36,0,1100,H₂/O₂/Ar,(S.T.),6,
24,H+CO+H₂→HCO+H₂,,,,,7.95E-33,0,294,H₂/Hg*,,2,2
25,H+CO+H₂→HCO+H₂,,2,8.4,,,,298,H₂,,7,"2,6"
26,H+CO+H₂→HCO+H₂,,2,8.4,,,,373,H₂,,7,"2,6"
27,H+CO+H₂→HCO+H₂,,,,,6.32E-34,0,773,H₂/O₂/CO,(T),8,7
28,H+CO+He→HCO+He,,,,,6.17E-33,0,294,H₂/Hg*,,2,2
29,H+CO+Ne→HCO+Ne,,,,,4.79E-33,0.00E+00,294,H₂/Hg*,,2,2
30,H+CO+Ar→HCO+Ar,,,,,6.03E-33,0.00E+00,294,H₂/Hg*,,2,2
31,H+CO+Kr→HCO+Kr,,,,,6.93E-33,0.00E+00,294,H₂/Hg*,,2,2
32,H+SO₂+M→HSO₂+M,,,,,1.29E-32,0,1666,H₂/O₂/N₂,,9,1
33,H+SO₂+M→HSO₂+M,,,,,1.29E-32,0.00E+00,2123,H₂/O₂/N₂,,9,1
34,2H+C₂N₂→2HCN,,,,,1.10E-30,0.00E+00,300,C₂N₂/H₂ Discharge,,10,
35,O+O₂+N₂→O₃+N₂,,,,,6.32E-34,0.00E+00,295,NO₂/O₂,(P),11,8
36,O+O₂+O₂→O₃+O₂,,,,,6.32E-34,0.00E+00,294,O₃,(T),60,
37,O+CO+Ar→CO₂+Ar,,,,,9.78E-36,0.00E+00,296,CO₂,(F.P.),12,
38,O+CO+Ar→CO₂+Ar,,,,,1.59E-34,0.00E+00,2100,N₂O/CO,(S.T.),13,9
39,O+CO+Ar→CO₂+Ar,,,,,1.59E-34,0.00E+00,3200,N₂O/CO,(S.T.),13,9
40,O+CO+N₂→CO₂+N₂,,,,,2.29E-36,0.00E+00,296,CO₂,(P),14,10
41,O+CO+O₂→CO₂+O₂,,,,,4.27E-34,0.00E+00,470,,(T),15,11
42,O+CO+CO→CO₂+CO,,4.34,18.2,6.46E-33,,,,CO₂,(P),14,10
43,O+CO+CO→CO₂+CO,,4.34,18.2,6.61E-33,,,250,,,16,12
44,O+CO+CO→CO₂+CO,,4.34,18.2,6.61E-33,,,500,,,16,12
45,O+CO+CO→CO₂+CO,,,,,<1.0011477951E-34,0.00E+00,470,,(T),15,11
46,O+CO+CO→CO₂+CO,,,,,4.47E-36,0.00E+00,296,CO₂,(F.P.),12,
47,O+CO+CO₂→CO₂+CO₂,,,,,5.38E-36,0.00E+00,296,CO₂,(F.P.),12,
48,O+CO+CO₂→CO₂+CO₂,,,,,6.17E-36,0.00E+00,296,CO₂,(F.P.),14,10
49,O+CO+CO₂→CO₂+CO₂,,3.5,14.8,2.21E-33,,,254,CO₂,(F.P.),17,
50,O+CO+N₂O→CO₂+N₂O,,4.1,17.2,1.62E-32,,,298,N₂O/Hg*,,18,13
51,O+CO+N₂O→CO₂+N₂O,,2.9,12.1,4.37E-38,,,298,N₂O/Hg*,,18,"7,13"
52,O+CO+CO₂→CO₂+CO₂,,3.5,14.8,2.21E-33,,,2996,CO₂,(F.P.),17,
53,O+CO+N₂O→CO₂+N₂O,,4.1,17.2,1.62E-32,,,472,N₂O/Hg*,,18,13
54,O+CO+N₂O→CO₂+N₂O,,2.9,12.1,4.37E-38,,,472,N₂O/Hg*,,18,"7,13"
55,O+CO+M→CO₂+M,,,,,<5.5017163419E-34,0.00E+00,1500,O₃,(S.T.),19,
56,O+CO+M→CO₂+M,,2.1,8.8,9.56E-34,,,373,,(T),20,14
57,O+CO+M→CO₂+M,,-2.6,-10.8,1.00E-35,,,409,,(T),15,15
58,O+CO+M→CO₂+M,,2.1,8.8,9.56E-34,,,525,,(T),20,14
59,O+CO+M→CO₂+M,,-2.6,-10.8,1.00E-35,,,502,,(T),15,15
60,O+SO₂+He→SO₃+He,,,,,8.33E-34,0.00E+00,294,O₂ Discharge,,19,16
61,O+SO₂+He→SO₃+He,,1.4,5.9,1.07E-31,,,248,O₂ Discharge,,19,16
62,O+SO₂+He→SO₃+He,,1.4,5.9,1.07E-31,,,415,O₂ Discharge,,19,16
63,O+SO₂+N₂→SO₃+N₂,,,,,1.32E-33,0.00E+00,294,O₂ Discharge,,19,16
64,O+SO₂+N₂O→SO₃+N₂O,,2,8.4,9.13E-32,,,392,N₂O,(P),21,17
65,O+SO₂+N₂O→SO₃+N₂O,,2,8.4,9.13E-32,,,299,N₂O,(P),21,17
66,F+O₂+He→FO₂+He,,,,,5.38E-33,0,298,F₂/O₂/HF,(F.P),21a,17a
67,F+O₂+He→FO₂+He,,,,,6.93E-33,0.00E+00,293,F₂/O₂,,21b,17b
68,F+O₂+Ar→FO₂+Ar,,,,,8.33E-33,0.00E+00,298,F₂/O₂/HF,(F.P),21a,17a
69,F+O₂+Ar→FO₂+Ar,,,,,6.03E-33,0.00E+00,293,F₂/O₂,,21b,17b
70,F+O₂+N₂→FO₂+N₂,,,,,1.41E-32,0.00E+00,293,F₂/O₂,,21b,17b
71,F+O₂+O₂→FO₂+O₂,,,,,1.48E-32,0.00E+00,298,F₂/O₂/HF,(F.P),21a,17a
72,F+O₂+F₂→FO₂+F₂,,,,,5.02E-33,0.00E+00,298,F₂/O₂/HF,(F.P),21a,17a
73,F+O₂+HF→FO₂+HF,,,,,2.51E-30,0.00E+00,298,F₂/O₂/HF,(F.P),21a,17a
74,F+O₂+DF→FO₂+DF,,,,,~1.2603704002E-30,0.00E+00,298,F₂/O₂/HF,(F.P),21a,17a
75,F+CO+He→COF+He,,,,,3.39E-38,0.00E+00,298,F₂/He Discharge/CO,,22,
76,F+CO+Ar→COF+Ar,,,,,5.02E-38,0.00E+00,298,F₂/Ar Discharge/CO,,22,
77,F+Xe+Ar→XeF+Ar,,,,,2.29E-39,0,298,F₂/Ar Discharge/CO,,22,
78,F+Kr+He→KrF+He,,,,,<1.9975524673E-40,0.00E+00,298,F₂/Ar Discharge/CO,,22,
79,Cl+O₃+O₂→ClOOO+O₂,,,,,1.38E-37,0.00E+00,263,Cl₂/O₃/O₂,(P),23,18
80,Cl+O₃+He→ClOOO+He,,,,,<2.7573899936E-40,0,263,Cl₂/O₃/He,(P),23,18
81,Cl+O₃+M→ClOOO+M,,,,,6.93E-38,0.00E+00,263,Cl₂/O₃,(P),23,"18,19"
82,2I+H₂→2HI,,-5.3,-22.2,1.74E-34,,,418,H₂/I₂ and H₂/I₂,(P) and (T),24a,"20,21,22"
83,Cl+O₃+O₂→ClOOO+O₂,,,,,1.38E-37,0.00E+00,273,Cl₂/O₃/O₂,(P),23,18
84,Cl+O₃+He→ClOOO+He,,,,,<2.7573899936E-40,0.00E+00,273,Cl₂/O₃/He,(P),23,18
85,Cl+O₃+M→ClOOO+M,,,,,6.93E-38,0.00E+00,273,Cl₂/O₃,(P),23,"18,19"
86,2I+H₂→2HI,,-5.3,-22.2,1.74E-34,,,738,H₂/I₂ and H₂/I₂,(P) and (T),24a,"20,21,22"
87,Pb+O₂+He→Products,,,,,1.41E-32,0.00E+00,300,PbEt₄/O₂,(P),24b,22b
88,Pb+O₂+N₂→Products,,,,,3.17E-32,0.00E+00,300,PbEt₄/O₂,(P),24b,22b
89,Pb+O₂+CO→Products,,,,,6.46E-32,0.00E+00,300,PbEt₄/O₂,(P),24b,22b
90,Pb+O₂+CO₂→Products,,,,,3.17E-32,0.00E+00,300,PbEt₄/O₂,(P),24b,22b
91,Pb+O₂+CH₄→Products,,,,,3.09E-31,0.00E+00,300,PbEt₄/O₂,(P),24b,22b
92,Pb+O₂+CF₄→Products,,,,,3.89E-32,0.00E+00,300,PbEt₄/O₂,(P),24b,22b
93,Pb+O₂+SF₆→Products,,,,,2.09E-32,0.00E+00,300,PbEt₄/O₂,(P),24b,22b
94,Pb+O₂+C₂H₆→Products,,,,,2.69E-30,0.00E+00,300,PbEt₄/O₂,(P),24b,22b
95,Pb+O₂+C₂H₂→Products,,,,,1.18E-30,0.00E+00,300,PbEt₄/O₂,(P),24b,22b
96,Pb+O₂+C₂H₄→Products,,,,,5.76E-28,0.00E+00,300,PbEt₄/O₂,(P),24b,22b
97,Sb+O₂+He→Products,,,,,2.19E-31,0.00E+00,294,SbMe₃,(P),24c,22c
98,Sb+O₂+N₂→Products,,,,,3.17E-31,0.00E+00,294,SbMe₃,(P),24c,22c
99,Sb+O₂+SF₆→Products,,,,,3.63E-31,0.00E+00,294,SbMe₃,(P),24c,22c
100,Sb+O₂+He→Products,,,,,3.63E-31,0.00E+00,294,SbMe₃,(P),24c,22c
101,Sb+C₂H₂+He→Products,,,,,9.34E-33,0.00E+00,294,SbMe₃,(P),24c,22c
102,Sb+C₂H₂+N₂→Products,,,,,1.00E-32,0.00E+00,294,SbMe₃,(P),24c,22c
103,Sb+C₂H₂+SF₆→Products,,,,,1.20E-32,0.00E+00,294,SbMe₃,(P),24c,22c
104,Sb+C₂H₄+He→Products,,,,,1.00E-32,0.00E+00,294,SbMe₃,(P),24c,22c
105,Sb+C₂H₄+N₂→Products,,,,,1.10E-32,0.00E+00,294,SbMe₃,(P),24c,22c
106,Sb+C₂H₄+SF₆→Products,,,,,1.15E-32,0.00E+00,294,SbMe₃,(P),24c,22c
107,Bi+C₂H₂+He→Products,,,,,1.10E-33,0.00E+00,293,BiMe₃,(P),24d,22d
108,Bi+C₂H₂+N₂→Products,,,,,7.42E-33,0.00E+00,293,BiMe₃,(P),24d,22d
109,Bi+C₂H₂+SF₆→Products,,,,,6.46E-33,0.00E+00,293,BiMe₃,(P),24d,22d
110,Bi+C₂H₄+He→Products,,1,4,1.59E-32,,,293-600,BiMe₃,(P),24d,22d
111,Bi+C₂H₄+He→Products,,,,,3.09E-33,0.00E+00,293,BiMe₃,(P),24d,22d
112,Bi+C₂H₄+N₂→Products,,,,,8.14E-33,0.00E+00,293,BiMe₃,(P),24d,22d
113,Bi+C₂H₄+SF₆→Products,,,,,1.78E-32,0.00E+00,293,BiMe₃,(P),24d,22d
114,HO+SO₂+Ar→HSO₃+Ar,,,,,4.47E-31,0.00E+00,298,H+NO₂→HO+NO,,25,23
115,HO+SO₂+Ar→HSO₃+Ar,,,,,1.62E-31,0.00E+00,298,H₂O,(F.P.),65,49
116,HO+SO₂+N₂→HSO₃+N₂,,,,,7.42E-31,0.00E+00,298,H+NO₂→HO+NO,,25,23
117,HO+SO₂+N₂→HSO₃+N₂,,,,,1.59E-31,0.00E+00,298,H₂O/SO₂/CO,(P),26,23a
118,HO+SO₂+M→HSO₃+M,,,,,1.00E-36,0.00E+00,298,H₂O/SO₂/CO/N₂,(P),27,25
119,HO+SO₂+M→HSO₃+M,,,,,1.00E-36,0.00E+00,300,HONO/N₂/O₂,(P),28,26
120,HO+SO₂+H₂O→Products,,,,,3.03E-36,0.00E+00,435,H₂O,,29,27
121,NO+NO+O₂→2NO₂,,,,,3.99E-38,0.00E+00,298,NO₂/O₂/N₂,(P),30,
122,NO+NO+O₂→2NO₂,,,,,8.33E-39,0.00E+00,478,NO₂/O₂,(T),37,30
123,NO+NO+O₂→2NO₂,,,,,2.00E-39,0.00E+00,298,NO₂/O₂,(T),33,31
124,NO+NO+O₂→2NO₂,,-0.95,-3.97,,,,293-372,NO₂/O₂/N₂,(T),"34,35",
125,NO+NO+O₂→2NO₂,,,,,5.50E-38,0.00E+00,293,NO₂/O₂/N₂,(T),"34,36","28,29"
126,NO+NO+O₂→2NO₂,,,,,8.72E-39,0.00E+00,478-593,NO₂/O₂/N₂,(T),37,
127,NO+NO+O₂→2NO₂,,,,,8.52E-39,0.00E+00,478-593,NO₂/O₂/N₂,(T),37,30
128,NO+NO+O₂→2NO₂,,,,,1.38E-37,0.00E+00,298,NO₂/γ-radiolysis,,38,31
129,NO+NO+O₂→2NO₂,,,,,1.38E-37,0.00E+00,298,NO₂/γ-radiolysis,,38,"30,32"
130,NO+NO+O₂→2NO₂,,,,,8.33E-38,0.00E+00,298,NO₂/γ-radiolysis,,38,"31,32"
131,NO+NO+O₂→2NO₂,,,,,7.25E-38,0.00E+00,298,NO₂/γ-radiolysis,,38,33
132,NO+NO+O₂→2NO₂,,-1.05,-4.38,6.61E-39,,,273-600,,,39,34
133,CH₃+O₂+N₂→CH₃O₂+N₂,,,,,3.09E-31,0.00E+00,294,(CH₃N)₂,(P),61,35
134,CH₃+O₂+(CH₃)₄C→CH₃O₂+(CH₃)₄C,,,,,1.52E-30,0.00E+00,294,(CH₃N)₂,(P),61,36
135,CH₃+O₂+M→CH₃O₂+M,,,,,See Note,,295,(CH₃)₂N₂/O₂,(F.P.),39a,37
136,NO+NO₂+H₂O→2HONO,,,,,6.03E-38,0.00E+00,296,HONO/NOₓ/H₂O,(P),"62,63",46
137,2NO+Cl₂→2NOCl,,4.2,17.56,6.93E-38,,,,,,"41,42",46
138,2NO+Cl₂→2NOCl,,6,25.1,6.93E-37,,,373-523,NO/Cl₂,(T),43,37a
139,2NO+Cl₂→2NOCl,,4.5,18.8,1.15E-37,,,278-338,NO/Cl₂,(T),40,47
140,2NO+Cl₂→2NOCl,,,,,5.25E-41,0.00E+00,298,NO/Cl₂,(T),40,38
141,2NO+Br₂→2NOBr,,1.6,6.7,1.10E-37,,,265-288,NO/Br₂,(T),"41,44",
142,2NO+Br₂→2NOBr,,0.57,2.39,6.93E-38,,,263-333,NO/Br₂,(T),40,
143,2NO+Br₂→2NOBr,,,,,2.63E-38,0.00E+00,298,NO/Br₂,(T),40,
144,2NO+Br₂→2NOBr,,,,,2.69E-38,0.00E+00,303,NO/Br₂/Cl₂,(T),40,
145,2NO+Br₂→2NOBr,,,,,"[1.2897281982E-38,8.7196327772E-38]",0.00E+00,275-363,Br₂/NO,(T),40a,
146,2NO+H₂→Products,,47,196,1.38E-29,,,973-1098,NO/H₂,(T),"41,45",
147,NO+NO₂+O₃→NO₂+NO₃,,,,,1.82E-40,0.00E+00,298,NOCl/NO₂/O₂,(T),47,
148,NO+NO₂+O₃→NO₂+NO₃,,,,,8.52E-41,0.00E+00,,,,47,38a
149,NO+NO₂+O₃→NO₂+NO₃,,-0.96,-4.01,5.76E-41,,,473-703,NO₂,(T),48,39
150,2NO₂+O₂→2NO₃,,25,105,,,,300,,,47,40
151,S₂+S₂+CO₂→S₄+CO₂,,,,,2.51E-30,0.00E+00,294,H₂S/CO₂,(F.P.),49,40
152,S₂+S₂+CO₂→S₄+CO₂,,,,,1.00E-29,0.00E+00,293,OCS/CO₂,(F.P.),50,
153,CF₃NO+2NO→CF₃+N₂+NO₃,,,,,1.55E-42,0.00E+00,297,CF₃I/NO,(P),51,41
154,CF₃NO+2NO→CF₃+N₂+NO₃,,2.2,9.2,4.79E-41,,,298-333,CF₃NO/NO,,64,42
155,CH₃NO+2NO→CH₃+N₂+NO₃,,-1.8,-7.52,7.09E-42,,,298-343,CH₃I/NO,(P),52,42
156,CH₃NO+2NO→CH₃+N₂+NO₃,,,,,1.29E-40,0.00E+00,298,CH₃I/NO,(P),53,
157,C₂H₅NO+2NO→C₂H₅+N₂+NO₃,,-2.9,-12.1,5.25E-42,,,298-343,C₂H₅I/NO,(P),52,48
158,CH₃CH₂CH₂NO+2NO→CH₃CH₂CH₂+N₂+NO₃,,-7,-29,1.38E-44,,,298-318,C₃H₇I/NO,(P),52,43
159,(CH₃)₂CHNO+2NO→(CH₃)₂CH+N₂+NO₃,,-4,-17,5.50E-43,,,298-318,i-C₃H₇I/NO,(P),52,
160,(CH₃)₂CHNO+2NO→(CH₃)₂CH+N₂+NO₃,,-7.5,-31.4,,,,298-343,t-C₃H₇I/NO,(P),52,43
161,2CH₃O₂NO+O₂→2CH₃ONO₂+O₂,,,,,3.55E-48,0.00E+00,298,(CH₃)₂N₂/NO/N₂,(P),54,43
162,H+O→OH(²Σ⁺)+Ar → HO→OH(²Σ⁺)+Ar,4175,,,2.29E-34,,,1300-1800,H₂/O₂/Ar (S.T),Direct,7,43
163,H+F+Ar → HF+Ar,-17680,,,2.00E-35,,,3500-6000,,,12,43
164,H+Cl+M → HCl+M,,,,,<9.5608872185E-32,0.00E+00,1650-1900,,,8,44
165,H+Cl+Ar → HCl+Ar,-9940,,,7.25E-35,,,2900-7000,,,12,9
166,H+Br+M → HBr+M,,,,,<8.7196327772E-31,0.00E+00,1650-2050,,,8,12
167,H+Br+He → HBr+He,,,,,5.29E-27,-1.87E+00,200-600,,,12,10
168,H+I+M → HI+M,,,,,<8.7196327772E-31,0.00E+00,1650-1950,,,8,12
169,N+N+N₂ → N₂+N₂,,,,,7.25E-33,0.00E+00,293,N₂ Discharge,Direct,4,10
170,N+N+Cl₂ → N₂+Cl₂,,,,,1.32E-31,0.00E+00,Room Temp.,N₂ Discharge,Direct,9,12
171,F+F+Ar → F₂+Ar,-3190,,,8.92E-40,,,1400-2600,,,12,10
172,Cl+Cl+Ar → Cl₂+Ar,,,,,5.02E-34,0.00E+00,298,Cl₂ Discharge,Direct,10,4
173,Cl+Cl+Ar → Cl₂+Ar,-906,,,6.17E-34,,,195-520,,,12,
174,Cl+Br+Ar → ClBr+Ar,,,,,4.47E-34,0.00E+00,298,Cl₂ Discharge; Cl+Br₂→Br+BrCl,Direct,10,12
175,Br+Br+He → Br₂+He,,,,,4.27E-33,0.00E+00,Room Temp.,Br₂ (F.P.),Direct,1,
176,Br+Br+Ar → Br₂+Ar,,,,,2.57E-34,0,298,Cl+Br₂→Br+BrCl,Direct,10,12
177,Br+Br+Ar → Br₂+Ar,-856,,,6.46E-34,,,290-2000,,,12,
178,I+I+Ar → I₂+Ar,,,,,4.37E-33,0,360,I₂ (F.P.),Direct,6,1
179,I+I+Ar → I₂+Ar,-754,,,6.46E-34,,,290-12500,,,12,
180,I+I+N₂ → I₂+N₂,,,,,1.10E-32,0,360,I₂ (F.P.),Direct,6,12
181,I+I+I₂ → I₂+I₂,,,,,1.41E-36,0.00E+00,360,I₂ (F.P.),Direct,6,8
182,I+I+CO₂ → I₂+CO₂,,,,,2.19E-32,0,360,I₂ (F.P.),Direct,6,12
183,I+I+SF₆ → I₂+SF₆,,,,,~8.327184655E-33,0.00E+00,346,I₂ (F.P.),Direct,11,8
184,I+I+c-C₃H₆ → I₂+c-C₃H₆,,,,,~1.0011477951E-33,0.00E+00,346,I₂ (F.P.),Direct,11,8
185,I+I+n-C₄H₁₀ → I₂+n-C₄H₁₀,,,,,~3.7196167542E-33,0,336-346,I₂ (F.P.),Direct,11,8
186,I+I+neo-C₅H₁₂ → I₂+neo-C₅H₁₂,,,,,~1.1762460966E-33,0.00E+00,355,I₂ (F.P.),Direct,11,11
187,I+I+neo-C₅H₁₂ → I₂+neo-C₅H₁₂,,,,,~3.7196167542E-33,0,380,I₂ (F.P.),Direct,11,11
188,I+I+i-C₃F₇I → I₂+i-C₃F₇I,-1360,,,5.76E-33,1.32E-22,-3.40E+00,300-455,I₂ (F.P.),Direct,5,11
189,I+I+i-C₅F₁₁I → I₂+i-C₅F₁₁I,-1300,,,5.90E-33,5.79E-23,-3.20E+00,304-463,I₂ (F.P.),Direct,5,11
190,I+I*+n-C₃F₇I → II*+n-C₃F₇I,,,,,1.10E-32,0.00E+00,Room Temp.,n-C₃F₇I (P),Direct,13,11
191,S+S+H₂S → S₂+H₂S,,,,,1.20E-29,0,295,H₂S (Pulse Radiolysis),See Notes,3,"5,6"
192,Mg+F+Ar → MgF+Ar,,,,,1.05E-35,1.00E+00,873-1073,See Notes,See Notes,2,"5,7"
193,Mg+F+Ar → MgF+Ar,<=1000,,,,,,873-1073,See Notes,See Notes,2,13
194,H+H+He → H₂+He,,,,,1.20E-32,0.00E+00,77,H₂ (T),,1,2
195,H+H+He → H₂+He,,,,,5.90E-33,0.00E+00,298,H₂ discharge,,2,2
196,H+H+Ar → H₂+Ar,,,,,2.76E-33,0.00E+00,1300,H₂/O₂ (S.T.),,3,
197,H+H+Ar → H₂+Ar,,,,,2.76E-33,0,1700,H₂/O₂ (S.T.),,3,
198,H+H+Ar → H₂+Ar,,,,,2.76E-32,0,77,H₂ (T),,1,1
199,H+H+Ar → H₂+Ar,,,,,1.78E-30,-1,1700,,,4,3
200,H+H+Ar → H₂+Ar,,,,,1.78E-30,-1,5000,,,4,3
201,H+H+H₂ → H₂+H₂,,,,,1.86E-32,0,77,H₂ (T),,1,1
202,D+D+D₂ → D₂+D₂,,,,,6.17E-33,0.00E+00,298,D₂ (T),,1,1
203,D+D+D₂ → D₂+D₂,,,,,1.52E-32,0.00E+00,77,D₂ (T),,1,1
204,H+N+M → HN+M,,,,,3.09E-32,0.00E+00,294,H₂/N₂ Discharges,,5,2
205,H+N+M → HN+M,,,,,6.46E-32,0.00E+00,294,H₂/N₂ Discharges,,5,2
206,N+N+N₂ → N₂+N₂,,,,,1.41E-32,0.00E+00,293,N₂ Discharge,,7,
207,N+N+N₂ → N₂+N₂,,,,,1.41E-32,0,573,N₂ Discharge,,7,
208,N+O+N₂ → NO+N₂,,,,,1.07E-32,0.00E+00,273,,,8,3
209,N+O+N₂ → NO+N₂,,,,,1.20E-32,0.00E+00,196,,,9,
210,N+O+N₂ → NO+N₂,,,,,9.13E-33,0.00E+00,298,,,9,
211,O+O+N₂ → O₂+N₂,,,,,1.12E-32,0.00E+00,196,,,9,
212,O+O+N₂ → O₂+N₂,,,,,4.79E-33,0.00E+00,298,,,9,
213,O+O+O₂ → O₂+O₂,,,,,5.50E-34,0.00E+00,3500,O₂ (S.T.),,10,
214,O+O+H₂O → O₂+H₂O,,,,,2.51E-35,1.00E+00,360,O₂ Discharge,,11,
215,O+O+H₂O → O₂+H₂O,,,,,2.51E-35,1.00E+00,520,O₂ Discharge,,11,
216,O+O+M → O₂+M,,0.3,1.4,,3.72E-30,,300,,,13,3
217,O+O+M → O₂+M,,0.3,1.4,,3.72E-30,,8000,,,13,3
218,O+C+Ar/CO → OC+Ar/CO,,,,,9.13E-22,-3.08,7000,,,12,"3,9"
219,O+C+Ar/CO → OC+Ar/CO,,,,,9.13E-22,-3.08,14000,,,12,"3,9"
220,S+S+H₂S → S₂+H₂S,,,,,2.76E-33,0.00E+00,300,H₂S Discharge,,16,8
221,F+F+He → F₂+He,,,,,2.19E-33,0.00E+00,293,F₂,,13a,"6,7"
222,F+F+He → F₂+He,,,,,6.03E-34,0,294,F₂ Discharge,,13b,6
223,F+F+Ar → F₂+Ar,,,,,2.76E-34,0,1000,,,14,3
224,F+F+Ar → F₂+Ar,,,,,2.76E-34,0.00E+00,2000,,,14,3
225,F+F+Ar → F₂+Ar,,,,,7.95E-35,0.00E+00,295,,,15,10
226,Cl+Cl+He → Cl₂+He,,,,,3.89E-33,0.00E+00,298,Cl₂ (F.P.),,18,
227,Cl+Cl+He → Cl₂+He,,,,,4.68E-33,0.00E+00,298,Cl₂ (F.P.),,18a,11a
228,Cl+Cl+Ne → Cl₂+Ne,,,,,4.68E-33,0.00E+00,298,Cl₂ (F.P.),,18,
229,Cl+Cl+Ne → Cl₂+Ne,,,,,4.68E-33,0.00E+00,298,Cl₂ (F.P.),,18a,11a
230,Cl+Cl+Ar → Cl₂+Ar,,,,,2.09E-32,0.00E+00,298,Cl₂ (F.P.),,18,
231,Cl+Cl+Ar → Cl₂+Ar,,,,,2.04E-32,0.00E+00,298,Cl₂ (F.P.),,18,
232,Cl+Cl+N₂ → Cl₂+N₂,,,,,4.17E-32,0.00E+00,298,Cl₂ (F.P.),,18,
233,Cl+Cl+N₂ → Cl₂+N₂,,,,,2.19E-32,0.00E+00,298,Cl₂ (F.P.),,18a,11a
234,Cl+Cl+Cl₂ → Cl₂+Cl₂,,,,,5.50E-32,0.00E+00,298,Cl₂ (F.P.),,18a,11a
235,Cl+Cl+CO₂ → Cl₂+CO₂,,,,,1.52E-31,0.00E+00,298,Cl₂ (F.P.),,18,
236,Cl+Cl+CO₂ → Cl₂+CO₂,,,,,3.32E-32,,298,Cl₂ (F.P.),,18a,11a
237,Cl+Cl+CF₄ → Cl₂+CF₄,,,,,1.52E-31,0.00E+00,298,Cl₂ (F.P.),,18,
238,Cl+Cl+CF₄ → Cl₂+CF₄,,,,,3.32E-32,0.00E+00,298,Cl₂ (F.P.),,18a,11a
239,Cl+Cl+C₂F₆ → Cl₂+C₂F₆,,,,,5.76E-32,0.00E+00,298,Cl₂ (F.P.),,18,
240,Cl+Cl+C₂F₆ → Cl₂+C₂F₆,,,,,3.55E-32,0.00E+00,298,Cl₂ (F.P.),,18a,11a
241,Cl+Cl+SiF₄ → Cl₂+SiF₄,,,,,1.59E-31,0.00E+00,298,Cl₂ (F.P.),,18,
242,Cl+Cl+SiF₄ → Cl₂+SiF₄,,,,,3.55E-32,0.00E+00,298,Cl₂ (F.P.),,18a,11a
243,Cl+Cl+SF₆ → Cl₂+SF₆,,,,,5.76E-32,0.00E+00,298,Cl₂ (F.P.),,18,
244,Cl+Cl+SF₆ → Cl₂+SF₆,,,,,3.55E-32,0.00E+00,298,Cl₂ (F.P.),,18a,11a
245,Br+Br+He → Br₂+He,,,,,2.82E-33,0.00E+00,298,Br₂ discharge,,19,12
246,Br+Br+He → Br₂+He,,,,,3.24E-33,0.00E+00,300,Br₂ (F.P.),,20,13
247,Br+Br+Ne → Br₂+Ne,,,,,4.08E-33,0.00E+00,300,Br₂ (F.P.),,20,13
248,Br+Br+Ar → Br₂+Ar,,,,,9.34E-33,0.00E+00,298,Br₂ discharge,,19,12
249,Br+Br+Ar → Br₂+Ar,,,,,6.61E-33,0.00E+00,300,Br₂ (F.P.),,20,13
250,Br+Br+Kr → Br₂+Kr,,,,,8.52E-33,0.00E+00,300,Br₂ (F.P.),,20,13
251,Br+Br+Xe → Br₂+Xe,,,,,1.12E-32,0.00E+00,300,Br₂ (F.P.),,21,13
252,Br+Br+N₂ → Br₂+N₂,,,,,8.72E-33,0.00E+00,300,Br₂ (F.P.),,20,13
253,Br+Br+N₂ → Br₂+N₂,,,,,8.33E-33,0.00E+00,298,"O+Br₂→BrO+Br
O+BrO→O₂+Br
",,19,12
254,Br+Br+O₂ → Br₂+O₂,,,,,1.20E-32,0.00E+00,298,"O+Br₂→BrO+Br
O+BrO→O₂+Br
",,19,12
255,Br+Br+O₂ → Br₂+O₂,,,,,1.62E-32,0.00E+00,300,Br₂ (F.P.),,20,13
256,Br+Br+Br₂ → Br₂+Br₂,,,,,8.33E-32,0.00E+00,298,Br₂ discharge,,19,12
257,Br+Br+HBr → Br₂+HBr,,,,,2.29E-33,0.00E+00,1417,flame,,22,
258,Br+Br+CF₄ → Br₂+CF₄,,,,,3.09E-32,0.00E+00,300,Br₂ (F.P.),,21,13
259,Br+Br+CH₃Cl → Br₂+CH₃Cl,,,,,9.56E-32,0.00E+00,294,Br₂ (F.P.),,23,
260,Br+Br+C₂H₅Cl → Br₂+C₂H₅Cl,,,,,1.48E-31,0.00E+00,294,Br₂ (F.P.),,23,
261,Br+Br+CH₃Br → Br₂+CH₃Br,,,,,3.32E-31,0.00E+00,294,Br₂ (F.P.),,23,
262,Br+Br+C₂H₅Br → Br₂+C₂H₅Br,,,,,6.93E-31,0,294,Br₂ (F.P.),,23,
263,Br+Br+C₆H₆ → Br₂+C₆H₆,,,,,1.45E-30,0,294,Br₂ (F.P.),,23,14
264,Br+Br+SF₆ → Br₂+SF₆,,,,,3.17E-32,0,300,Br₂ (F.P.),,21,13
265,I+I+He → I₂+He,,,,,7.77E-33,0,206,I₂ (F.P),,24a,
266,I+I+Ar → I₂+Ar,,,,,8.33E-33,0.00E+00,298,I₂ (F.P),,25,
267,I+I+Ar → I₂+Ar,,,,,2.19E-32,0,206,I₂ (F.P),,24a,
268,I+I+Ar → I₂+Ar,,,,,8.27E-33,-1.56,500,I₂ (S.T),,24b,
269,I+I+Ar → I₂+Ar,,,,,8.27E-33,-1.56,1450,I₂ (F.P),,24b,
270,I+I+Xe → I₂+Xe,,,,,4.37E-32,0,206,I₂ (F.P),,24a,
271,I+I+H₂ → I₂+H₂,,,,,2.14E-32,0,206,I₂ (F.P),,24a,
272,I+I+D₂ → I₂+D₂,,,,,2.14E-32,0,206,I₂ (F.P),,24a,
273,I+I+NO → I₂+NO,,,,,6.61E-29,0,294,CH₃I (F.P.),,26,
274,I+I+ICl → I₂+ICl,,,,,2.46E-30,0,325,ICl (F.P.),,27,15
275,I+I+DCl → I₂+DCl,,,,,4.27E-32,0.00E+00,300,I₂ (F.P),,28,
276,I+I+CH₃Cl → I₂+CH₃Cl,,,,,1.10E-31,0.00E+00,294,I₂ (F.P),,23,16
277,I+I+C₂H₅Cl → I₂+C₂H₅Cl,,,,,1.59E-31,0,294,I₂ (F.P),,23,16
278,I+I+CH₃Br → I₂+CH₃Br,,,,,1.48E-31,0,294,I₂ (F.P),,23,16
279,I+Cl+N₂ → ICl+N₂,,,,,1.70E-31,0.00E+00,325,ICl (F.P.),,27,15
280,I+Cl+CO₂ → ICl+CO₂,,,,,4.27E-31,0,325,ICl (F.P.),,27,15
281,I+Cl+ICl → ICl+ICl,,,,,1.20E-30,0,325,ICl (F.P.),,27,15
282,"H + O₂ + H₂ → HO₂ + H₂
",,,,,3.02E-32,0,Room Temp,H₂ (Pulse-radiolysis),Direct,,11
283,"H + O₂ + H₂ → HO₂ + H₂
",,,,,6.03E-32,0,295,H₂ (Pulse-radiolysis),Direct,,32
284,H+O₂+He →  HO₂ + O₂,,,,,2.46E-32,0.00E+00,293,"         
H₂ (Pulse-radiolysis)
",Direct,1,
285,H + O₂ + O₂ →   HO₂  + O₂,,,,,5.79E-32,-1,200,H₂ discharge,Direct,58,11
286,H + O₂ + O₂ →   HO₂  + O₂,,,,,5.79E-32,-1,300,H₂ discharge,Direct,58,41
287,H + O₂ + N₂ → HO₂  + N₂,,,,,5.79E-32,-1,200,N/A,N/A,58,1
288,H + O₂ + N₂ → HO₂  + N₂,,,,,5.79E-32,-1,300,N/A,N/A,58,"30,64"
289,H + O₂ + N₂ → HO₂  + N₂,,,,,3.32E-32,0.00E+00,425,O+H₂ → OH + H and O+OH → O₂ + H,See Notes,5,"30,64"
290,H + O₂ + H₂O → HO₂  + H₂O,,,,,8.72E-32,0.00E+00,1500,CH₄/ air flame,See Notes,33,"30,64"
291,H + O₂  + M →  HO₂ + M,,,,,1.38E-36,0.00E+00,349,NH₃/O₂ (Pulse radiolysis),See Notes,15,"30,64"
292,H + O₂  + M →  HO₂ + M,,,,,5.51E-32,-1.60E+00,200,N/A,N/A,58,5
293,H + O₂  + M →  HO₂ + M,,,,,5.51E-32,-1.60E+00,300,N/A,N/A,58,"38,42,43"
294,H+CO+H₂ → HCO + H₂,,,,,1.05E-34,0.00E+00,Room Temp,H₂O/CO/H₂ (F.P),See Notes,31,15
295,H+CO+N₂ → HCO + N₂,,,,,3.99E-34,0.00E+00,425,O+H₂ → OH +H,See Notes,2,"30,52"
296,H+CO+Ar → HCO + Ar,,,,,2.69E-34,0,425,O+H₂ → OH +H,See Notes,2,"30,52"
297,H+CO+CH₄→ HCO + CH₄,,,,,1.59E-34,0,Room Temp,H₂O/CO/CH₄ (F.P),See Notes,31,"39,40"
298,H+CO+CH₄→ HCO + CH₄,,,,,1.00E-34,0.00E+00,Room Temp,H₂O/CO (F.P),See Notes,31,2
299,H+CO → HCO + M,,,,,6.46E-39,0.00E+00,345,CH₄/CO (Pulse radiolysis),Relative,44,2
300,H+CO → HCO + M,,,,,9.34E-39,0.00E+00,393,CH₄/CO (Pulse radiolysis),Relative,44,"39,40"
301,H+CO → HCO + M,,,,,1.62E-38,0.00E+00,449,CH₄/CO (Pulse radiolysis),Relative,44,"39,40"
302,H+CO → HCO + M,2050,,,,,0.00E+00,449,CH₄/CO (Pulse radiolysis),Relative,44,"44,69,70"
303,H+CO → HCO + M,2050,,,,,0.00E+00,345,CH₄/CO (Pulse radiolysis),Relative,44,"44,69,71"
304,H+SO₂ + M → HSO₂ + M,,,,,6.03E-33,0.00E+00,305,H₂/maser,Direct,56,"44,69,72"
305,D+O₂+D → DO₂ + D₂,,,,,2.89E-32,0.00E+00,Room Temp,D₂ (Pulse Radiolysis),Direct,11,69
306,O+O₂+He → O₃ +He,,,,,2.51E-34,0,296,O₂ (Pulse Radiolysis),Direct,20,69
307,O+O₂+He → O₃ +He,,,,,3.47E-34,0,298,O₂ / He (F.P),Direct,40,84
308,O+O₂+Ar→ O₃ + Ar,-525,,,6.17E-35,,0,263,O₃ (Laser F.P),Direct,20,11
309,O+O₂+Ar→ O₃ + Ar,-535,,,6.32E-35,,0,219,O₂ / Ar (F.P),Direct,39,10
310,O+O₂+Ar→ O₃ + Ar,-687,,,,3.72E-35,0,220,O₂ / Ar (F.P),Direct,40,53
311,O+O₂+N₂→ O₃ + N₂,-995,,,1.82E-35,,0,263,O₃ (Laser F.P),Direct,10,10
312,O+O₂+N₂→ O₃ + N₂,-575,,,8.72E-35,,0.00E+00,219,O₂/N₂ (F.P),Direct,39,"53,54"
313,O+O₂+N₂→ O₃ + N₂,-724,,,5.02E-35,,0.00E+00,218,O₂/N₂ (F.P),Direct,40,"53,59"
314,O+O₂+N₂→ O₃ + N₂,,,,,5.79E-34,-2.80E+00,200,,,58,10
315,O+O₂+O₂→O₃+O₂,-635,,,6.77E-35,,0.00E+00,262,O₃ (Laser F.P),Direct,10,"53,55"
316,O+O₂+Ar→ O₃ + Ar,-525,,,6.17E-35,,0.00E+00,298,O₃ (Laser F.P),Direct,20,"53,60"
317,O+O₂+Ar→ O₃ + Ar,-535,,,6.32E-35,,0.00E+00,368,O₂ / Ar (F.P),Direct,39,86
318,O+O₂+Ar→ O₃ + Ar,-687,,,,3.72E-35,0.00E+00,353,O₂ / Ar (F.P),Direct,40,10
319,O+O₂+N₂→ O₃ + N₂,-995,,,1.82E-35,,0.00E+00,309,O₃ (Laser F.P),Direct,10,10
320,O+O₂+N₂→ O₃ + N₂,-575,,,8.72E-35,,0.00E+00,368,O₂/N₂ (F.P),Direct,39,"53,54"
321,O+O₂+N₂→ O₃ + N₂,-724,,,5.02E-35,,0,366,O₂/N₂ (F.P),Direct,40,"53,59"
322,O+O₂+N₂→ O₃ + N₂,,,,,5.79E-34,-2.8,300,,,58,10
323,O+O₂+O₂→O₃+O₂,-635,,,6.77E-35,,0.00E+00,319,O₃ (Laser F.P),Direct,10,"53,55"
324,O+O₂+O₂→O₃+O₂,,,,,1.10E-33,0.00E+00,296,O₂ (Pulse Radiolysis),Direct,20,"53,60"
325,O+O₂+O₂→O₃+O₂,,,,,4.08E-34,0.00E+00,Room Temp,O₃/O₂ (F.P),See Notes,21,86
326,O+O₂+O₂→O₃+O₂,,,,,4.37E-34,0.00E+00,300,O₂ discharge,Direct,35,10
327,O+O₂+O₂→O₃+O₂,-345,,,,,0.00E+00,219,O₂ (F.P),Direct,39,10
328,O+O₂+O₂→O₃+O₂,-663,,,,,0.00E+00,227,O₂ (F.P),Direct,40,22
329,O+O₂+O₂→O₃+O₂,,,,,6.34E-34,-2.00E+00,200,,,58,
330,O+O₂+M → O₃+ M,-525,,,,,0.00E+00,220,,,39,"53,56"
331,O+O₂+M → O₃+ M,,,,,6.34E-34,-1.90E+00,220,,,39,53.61
332,O+O₂+M → O₃+ M,-715,,,,,0.00E+00,218,,,40,86
333,O+O₂+M → O₃+ M,,,,,5.76E-34,-2.57E+00,218,,,40,"57,58"
334,O+O₂+M → O₃+ M,,,,,6.07E-34,-2.30E+00,200,,,58,"57,58"
335,O+O₂+M → O₃+ M,,,,4.68E-36,,0.00E+00,200,,,58,"57,62"
336,O+CO+M→CO₂+M,-2300,,,7.77E-35,,0,1300,See Notes,See Notes,3,"57,62"
337,O+CO+M→CO₂+M,805,,,,,0,348,CO/O₃ (T),Relative,53,"57,86"
338,O+O₂+O₂→O₃+O₂,-345,,,,,0.00E+00,368,O₂ (F.P),Direct,39,"30,44,52"
339,O+O₂+O₂→O₃+O₂,-663,,,,,0.00E+00,353,O₂ (F.P),Direct,40,3
340,O+O₂+O₂→O₃+O₂,,,,,6.34E-34,-2.00E+00,300,,,58,"80,81"
341,O+O₂+M → O₃+ M,-525,,,,,0.00E+00,360,,,39,"53,56"
342,O+O₂+M → O₃+ M,,,,,6.34E-34,-1.90E+00,360,,,39,53.61
343,O+O₂+M → O₃+ M,-715,,,,,0.00E+00,366,,,40,86
344,O+O₂+M → O₃+ M,,,,,5.76E-34,-2.57E+00,366,,,40,"57,58"
345,O+O₂+M → O₃+ M,,,,,6.07E-34,-2.30E+00,300,,,58,"57,58"
346,O+O₂+M → O₃+ M,,,,4.68E-36,,0.00E+00,300,,,58,"57,62"
347,O+CO+M→CO₂+M,-2300,,,7.77E-35,,0.00E+00,2200,See Notes,See Notes,3,"57,62"
348,O+CO+M→CO₂+M,805,,,,,0.00E+00,433,CO/O₃ (T),Relative,53,"57,86"
349,O+CO+He→CO₂+He,,,,,1.00E-35,0.00E+00,294,CO (Pulse radiolysis),Direct,20,"30,44,52"
350,O+CO₂+He→CO₃+He,,,,,2.76E-35,0.00E+00,294,CO (Pulse radiolysis),Direct,20,3
351,O+CO+CO → CO₂ + CO,,,,,<4.3701686298E-36,0.00E+00,296,CO₂ (Pulse radiolysis),Direct,20,"80,81"
352,O+SO₂+ M → SO₃ + M,,,,,2.04E-33,0.00E+00,2250,CH₄/H₂S/air flame,See Notes,30,10
353,O+SO₂+ M → SO₃ + M,-3163,,,1.20E-33,,0.00E+00,1435,CO/SO₂/O₂/Ar flame,See Notes,29,10
354,O+SO₂+ M → SO₃ + M,1000,,,4.08E-32,,0,200,,,58,10
355,O+SO₂+ M → SO₃ + M,-3163,,,1.20E-33,,0,1850,CO/SO₂/O₂/Ar flame,See Notes,29,38
356,O+SO₂+ M → SO₃ + M,1000,,,4.08E-32,,0,400,,,58,37
357,O+SO₂+ M → SO₃ + M,,,,,1.41E-33,0,298,,,58,"64,86,87"
358,O+SO₂+ N₂ → SO₃ + N₂,,,,,1.35E-33,0.00E+00,299,SO₂/NO (F.P),Direct,6,37
359,O+SO₂+ Ar → SO₃ + Ar,1010,,,3.09E-32,,0.00E+00,299-400,SO₂/NO (F.P),Direct,6,"64,86,87"
360,O+SO₂+ SO₂ → SO₃ + SO₂,,,,,9.56E-33,0.00E+00,299,SO₂/NO (F.P),Direct,6,"30,64,87"
361,F+O₂ + M → FO₂ + M,-905,,,2.76E-34,,0,223,F₂ discharge,Direct,46,6
362,F+O₂ + M → FO₂ + M,-905,,,2.76E-34,,0,293,F₂ discharge,Direct,46,6
363,F+O₂ + M → FO₂ + M,,,,,3.17E-33,0,296,F₂ (Laser P),Direct,16,6
364,F+O₂ + M → FO₂ + M,,,,,3.72E-33,0,295,F₂ (Laser F.P.),Direct,17,"74,75"
365,F+O₂ + M → FO₂ + M,,,,,1.10E-32,0,Room Temp.,WF₆/H₂/O₂/He (Laser F.P.),Direct,47,"74,75"
366,F+O₂ + M → FO₂ + M,,,,,5.76E-33,0,291,,,63,16
367,F+O₂ + M → FO₂ + M,,,,,1.60E-32,-1.4,200,,,59,"16,17"
368,F+O₂ + M → FO₂ + M,,,,,1.30E-32,-1.4,200,,,58,76
369,F+O₂ + M → FO₂ + M,,,,,5.50E-35,0,200,,,58,"30,65"
370,F+O₂ + M → FO₂ + M,,,,,5.76E-33,0,300,,,63,"30,57,64"
371,F+O₂ + M → FO₂ + M,,,,,1.60E-32,-1.4,300,,,59,"30,64,87"
372,F+O₂ + M → FO₂ + M,,,,,1.30E-32,-1.40E+00,300,,,58,"30,44,52"
373,F+O₂ + M → FO₂ + M,,,,,5.50E-35,0,300,,,58,"30,65"
374,F+CO+He→COF+He,,,,,5.50E-32,0,295,,,63,"30,57,64"
375,Cl+O₂+M → ClO₂+M,,,,,2.29E-34,0.00E+00,298,Cl₂/H₂/O₂ (F.P.),Relative,"14,24","30,64,87"
376,Cl+O₂+M → ClO₂+M,,,,,2.01E-33,-1.4,200,,,59,"30,44,52"
377,Cl+O₂+M → ClO₂+M,,,,,2.01E-33,-1.4,300,,,59,30
378,Cl+SO₂+Ar→ClSO₂+Ar,,,,,1.29E-33,0.00E+00,295,Cl₂ discharge,Direct,9,14
379,Cl+SO₂+N₂→ClSO₂+N₂,,,,,2.29E-33,0.00E+00,295,Cl₂ discharge,Direct,9,"30,57,64"
380,Cl+SO₂+SO₂→ClSO₂+SO₂,,,,,1.91E-32,0.00E+00,295,Cl₂ discharge,Direct,9,"30,57,64"
381,Na+O₂+He→NaO₂+He,,,,,5.50E-31,0.00E+00,724,NaI (F.P.),Direct,25,9
382,Na+O₂+N₂→NaO₂+N₂,,,,,1.00E-30,0.00E+00,724,NaI (F.P.),Direct,25,9
383,Na+O₂+CO₂→NaO₂+CO₂,,,,,2.19E-30,0.00E+00,724,NaI (F.P.),Direct,25,9
384,K+O₂+He→KO₂+He,,,,,9.93E-28,-1.00E+00,753,KI (F.P.),Direct,26,"32,33"
385,K+O₂+N₂→KO₂+N₂,,,,,1.71E-27,-1.00E+00,753,KI (F.P.),Direct,26,"32,33"
386,K+O₂+CO₂→KO₂+CO₂,,,,,5.51E-27,-1,753,KI (F.P.),Direct,26,"32,33"
387,Na+O₂+He→NaO₂+He,,,,,5.50E-31,0.00E+00,844,NaI (F.P.),Direct,25,34
388,Na+O₂+N₂→NaO₂+N₂,,,,,1.00E-30,0.00E+00,844,NaI (F.P.),Direct,25,34
389,Na+O₂+CO₂→NaO₂+CO₂,,,,,2.19E-30,0.00E+00,844,NaI (F.P.),Direct,25,34
390,K+O₂+He→KO₂+He,,,,,9.93E-28,-1,873,KI (F.P.),Direct,26,"32,33"
391,K+O₂+N₂→KO₂+N₂,,,,,1.71E-27,-1.00E+00,873,KI (F.P.),Direct,26,"32,33"
392,K+O₂+CO₂→KO₂+CO₂,,,,,5.51E-27,-1,873,KI (F.P.),Direct,26,"32,33"
393,CH₃+O₂+M→CH₃O₂+M,,,,,"[2.7573899936E-32,5.5017163419E-32 ]",0.00E+00,295,F₂/CH₄/O₂ (T),Direct,51,34
394,CH₃+O₂+M→CH₃O₂+M,,,,,1.59E-31,0,298,O+C₂H₄ → CH₃ + HCO,Relative,19,34
395,CH₃+O₂+M→CH₃O₂+M,,,,,3.39E-31,0.00E+00,295,F+CH₄ → CH₃ + HF,Direct,27,34
396,CH₃+O₂+M→CH₃O₂+M,,,,,5.51E-31,-2,200,,,"58,59",
397,CH₃+O₂+M→CH₃O₂+M,,,,,3.31E-36,-1.70E+00,200,,,59,21
398,CH₃+O₂+M→CH₃O₂+M,,,,,3.02E-36,0,200,,,58,35
399,CH₃+O₂+M→CH₃O₂+M,,,,,5.51E-31,-2.00E+00,300,,,"58,59","57,86,87"
400,CH₃+O₂+M→CH₃O₂+M,,,,,3.31E-36,-1.70E+00,300,,,59,"30,52,57"
401,CH₃+O₂+M→CH₃O₂+M,,,,,3.02E-36,0.00E+00,300,,,58,"30,44,52"
402,CH₃+CO+M→CH₃CO+M,,,,,3.02E-42,0.00E+00,298,(CH₃)₂N₂ (Modulated P),Relative,34,"57,86,87"
403,CH₃+CO+M→CH₃CO+M,,,,,1.10E-41,0.00E+00,298,(CH₃)₂N₂ (Modulated P),See Notes,54,"30,52,57"
404,CH₃+CO+M→CH₃CO+M,3020,,,2.00E-37,,0.00E+00,263,(CH₃)₂N₂ (Modulated P),See Notes,54,"30,44,52"
405,CH₃+CO+M→CH₃CO+M,3020,,,2.00E-37,,0.00E+00,343,(CH₃)₂N₂ (Modulated P),See Notes,54,"44,45,46"
406,CH₃+CO+M→CH₃CO+M,,,,,5.76E-36,0.00E+00,303,(CH₃)₂N₂ (Modulated P),See Notes,54,"44,45,47"
407,CH₃+CO+M→CH₃CO+M,,,,,2.63E-41,0.00E+00,303,(CH₃)₂N₂ (Modulated P),See Notes,54,"80,82,83"
408,CH₃+CO+M→CH₃CO+M,,,,,1.07E-35,0.00E+00,343,(CH₃)₂N₂ (Modulated P),See Notes,54,"80,82,83"
409,CH₃+CO+M→CH₃CO+M,,,,,9.56E-41,0.00E+00,343,(CH₃)₂N₂ (Modulated P),See Notes,54,"64,82,83"
410,CH₃+SO₂+M→CH₃SO₂+M,,,,,<=1.3819686629E-36,0.00E+00,Room Temp.,CH₃N₂CH₃ (P),Relative,43,"44,52,82,83"
411,CF₃+O₂+M→CF₃O₂+M,,,,,1.66E-35,0.00E+00,300,CF₃Cl (Pulse radiolysis),Direct,18,"64,82,83"
412,CF₃+O₂+M→CF₃O₂+M,,,,,1.78E-29,0.00E+00,295,CF₄ discharge,Direct,28,"44,52,82,83"
413,CCl₃+O₂+M→CCl₃O₂+M,,,,,8.52E-36,0.00E+00,300,CCl₄ (Pulse radiolysis),Direct,18,"39,44,67"
414,HCO+O₂+CO→HCOO₂+H₂+CO,,,,,>=1.0977367285E-30,0.00E+00,298,H₂CO/O₂ (P),Relative,50,"18,19"
415,CH₃O+SO₂+M → CH₃OSO₂ +M,,,,,8.72E-37,0.00E+00,Room Temp.,CH₃ONO (P),Direct,43,"35,36"
416,CH₃O₂+SO₂+M → CH₃O₂SO₂ +M,,,,,2.19E-38,0.00E+00,Room Temp.,CH₃N₂CH₃/O₂ (F.P.),See Notes,43,"18,20"
417,C₂H₅+O₂+M→C₂H₅O₂+M,,,,,7.42E-29,0.00E+00,295,Cl+C₂H₆+C₂H₅+HCl,Direct,42,78
418,C₂H₅+O₂+M→C₂H₅O₂+M,,,,,7.25E-36,0.00E+00,295,Cl+C₂H₆+C₂H₅+HCl,Direct,42,"39,44,68"
419,C₂H₅+O₂+M→C₂H₅O₂+M,,,,,2.01E-28,-3.80E+00,200-300,,,58,"15,39"
420,C₂H₅+O₂+M→C₂H₅O₂+M,,,,,8.72E-36,0.00E+00,200-300,,,58,"64,65,66"
421,CH₃CO+O₂ + M → CH₃CO₃+M,,,,,3.32E-36,0.00E+00,298,CH₃COCH₃ (F.P.),Direct,37,"18,65,66"
422,CH₃CO+O₂ + M → CH₃CO₃+M,,,,,8.72E-36,0,200-300,,,58,"86,87"
423,CH₃CO+O₂ + M → CH₃CO₃+M,,,,,3.47E-36,0.00E+00,298,,,58,"30,44,52"
424,C₃H₅+O₂+M→C₃H₅O₂+M,,,,,"[1.3505112156E-37,6.3168155424E-37]",0.00E+00,382-453,"Hexa-1,5-diene (Laser F.P.) ",Direct,61,"39,44,50,51"
425,C₃H₅+O₂+M→C₃H₅O₂+M,,,,,2.63E-37,0.00E+00,348,"Hexa-1,5-diene (Laser F.P.) ",Direct,61,"30,44,52"
426,C₃H₅+O₂+M→C₃H₅O₂+M,,,,,,,,,,,"30,44,92"
427,n-C₃H₇+O₂+M→n-C₃H₇O₂+M,,,,,1.10E-35,0.00E+00,200-300,,,58,"44,88"
428,i-C₃H₇+O₂+M→i-C₃H₇O₂+M,,,,,2.51E-35,0.00E+00,200-300,,,58,"44,89"
429,n-C₄H₉+O₂+M → n-C₄H₉O₂ + M,,,,,1.23E-35,0.00E+00,300,n-C₄H₉I (F.P.),Direct,38,
430,s-C₄H₉+O₂+M → s-C₄H₉O₂ + M,,,,,2.76E-35,0.00E+00,300,s-C₄H₉I (F.P.),Direct,38,"44,52,86"
431,t-C₄H₉+O₂+M → t-C₄H₉O₂ + M,,,,,3.89E-35,0.00E+00,300,t-C₄H₉I (F.P.),Direct,38,"44,52,86"
432,CH₃CH(OH)CHCH₃ + O₂ +M →CH₃CH(OH)CHO₂CH₃+M,,,,,4.37E-35,0.00E+00,300,CH₃CH(OH)CHICH₃ (F.P.),Direct,38,"44,50,52"
433,C₆H₅CH₂+O₂+M→C₆H₅CH₂O₂+M,,,,,1.74E-36,0.00E+00,295-372,C₆H₅CH₂Cl (Laser P),Direct,57,"44,50,52"
434,C₆H₅CH₂+O₂+M→C₆H₅CH₂O₂+M,,,,,1.66E-36,0.00E+00,298,C₆H₅CH₂X (F.P.),Direct,62,"44,50,52"
435,C₆H₅CO+O₂+M→C₆H₅CO₃+M,,,,,9.56E-36,0.00E+00,Room Temp.,C₆H₅COCH₃ (F.P.),Direct,37,"44,50,52"
436,o-CH₃C₆H₄CH₂+O₂+M→o-CH₃C₆H₄CH₂O₂+M,,,,,2.00E-36,0.00E+00,298,o-CH₃C₆H₄CH₂X (F.P.),Direct,62,"44,85,91"
437,p-CH₃C₆H₄CH₂+O₂+M→p-CH₃C₆H₄CH₂O₂+M,,,,,1.82E-36,0,298,p-CH₃C₆H₄CH₂X (F.P.),Direct,62,"44,90"
438,OH+SO₂+N₂→HSO₃+N₂,,,,,2.76E-31,0.00E+00,298,,,23,"39,44,50,51"
439,OH+SO₂+N₂→HSO₃+N₂,,,,,1.38E-36,0.00E+00,298,H₂O (F.P.),Direct,36,"44,90"
440,OH+SO₂+N₂→HSO₃+N₂,,,,,2.51E-31,0.00E+00,298,H+NO₂ → OH + NO,Direct,49,"44,90"
441,OH+SO₂+N₂→HSO₃+N₂,,,,,4.96E-31,-3.30E+00,200-300,,,58,"30,31"
442,OH+SO₂+O₂→HSO₃+O₂,,,,,2.46E-31,0.00E+00,298,H+NO₂ → OH + NO,Direct,49,"44,48,49"
443,OH+SO₂+O₂→HSO₃+O₂,,,,,4.96E-31,-3.30E+00,200-300,,,58,"48,77"
444,OH+SO₂+He→HSO₃+He,-913,,,3.63E-33,,0.00E+00,261-414,H+NO₂ → OH + NO,Direct,49,"30,64"
445,OH+SO₂+He→HSO₃+He,,,,,7.91E-32,-2.85E+00,261-414,H+NO₂ → OH + NO,Direct,49,"48,77"
446,OH+SO₂+Ar→HSO₃+Ar,-1190,,,1.91E-38,,0.00E+00,298-424,H₂O (F.P.),Direct,22,"30,64"
447,OH+SO₂+Ar→HSO₃+Ar,,,,,1.10E-31,0,298,H+NO₂ → OH + NO,Direct,49,"48,77"
448,OH+SO₂+CO₂→HSO₃+CO₂,,,,,1.20E-30,0.00E+00,298,H+NO₂ → OH + NO,Direct,49,"48,77"
449,OH+SO₂+SO₂→HSO₃+SO₂,-908,,,5.25E-32,,0.00E+00,261-414,H+NO₂ → OH + NO,Direct,49,"23,24,26"
450,OH+SO₂+SO₂→HSO₃+SO₂,,,,,1.15E-30,-2.78,261-414,H+NO₂ → OH + NO,Direct,49,"48,77"
451,OH+SO₂+SF₆→HSO₃+SF₆,-810,,,6.17E-38,,0.00E+00,298-424,H₂O (F.P.),Direct,22,"48,77"
452,OH+SO₂+SF₆→HSO₃+SF₆,-750,,,2.09E-37,,0,298-424,H₂O (F.P.),Direct,22,"48,77"
453,OH+SO₂+M→HSO₃+M,,,,,1.20E-36,0,297,HONO (P),Relative,41,"48,77"
454,OH+SO₂+M→HSO₃+M,,,,,3.03E-31,-3.4,200-300,,,59,"23,25,27,28"
455,OH+SO₂+M→HSO₃+M,,,,,3.32E-36,0.00E+00,200-300,,,59,"23,24,27,29"
456,OH+SO₂+M→HSO₃+M,,,,,3.47E-36,0,200-300,,,58,"44,63"
457,HO₂+CO+He→HCO₃+He,,,,,<=4.3701686298E-34,0,298,H₂O₂ discharge or F+H₂O₂,Relative,8,"30,57,64"
458,HO₂+SO₂+He→HO₂SO₂+He,,,,,<=4.3701686298E-34,0.00E+00,298,H₂O₂ discharge or F+H₂O₂,Relative,8,"30,44,52,57"
459,NH+N₂ +N₂ → NH₃+N₂,,,,,<1.0977367285E-38,0.00E+00,296,NH₃ (Pulsed P),Direct,45,"30,44,52"
460,NH+NH₃ +He → N₂H₄+He,,,,,<2.7573899936E-36,0,296,NH₃ (Pulsed P),Direct,45,8
461,NH+NH₃ +Ar → N₂H₄+Ar,,,,,<5.5017163419E-35,0,296,NH₃ (Pulsed P),Direct,45,8
462,NH+NH₃ +N₂ → N₂H₄+N₂,,,,,<5.5017163419E-35,0.00E+00,296,NH₃ (Pulsed P),Direct,45,73
463,NH+NH₃ +NH₃  → N₂H₄+NH₃,,,,,<2.7573899936E-33,0.00E+00,296,NH₃ (Pulsed P),Direct,45,73
464,2NO+O₂→2NO₂,,,,,4.68E-38,0,296,NO/O₂/N₂ (T),Direct,52,73
465,2NO+O₂→2NO₂,-880,,,,,,268,NO/O₂/N₂ (T),Direct,52,73
466,2NO+Cl₂→2ClNO,2500,,,1.12E-37,,,250,,,63,73
467,2NO+O₂→2NO₂,-880,,,,,,296,NO/O₂/N₂ (T),Direct,52,79
468,2NO+Cl₂→2ClNO,2500,,,1.12E-37,,,500,,,63,79
469,2NO+Br₂→2BrNO,,,,,8.72E-39,0,300,NO/Br₂ (T),Direct,4,30
470,2NO+Br₂→2BrNO,630,,,1.32E-37,,,270,,,63,79
471,2NO+Br₂→2BrNO,630,,,1.32E-37,,,330,,,63,30
472,2NO₂+H₂O→HNO₂+HNO₃,,,,,8.72E-39,0,296,,,12,4
473,2NO₂+CH₃OH→CH₃ONO+HNO₃,,,,,5.76E-37,0,298,NO₂/CH₃OH/O₂/N₂ (T),Direct,48,30
474,S₂+S₂+H₂S→S₄+H₂S,,,,,2.19E-29,0,295,H₂S (Pulse Radiolysis),See Notes,7,30
475,H+NO+H₂→HNO+H₂,,,,,4.58E-32,0.00E+00,294,H₂ (Pulse Radiolysis),Direct,7,12
476,D+NO+H₂→HNO+D₂,,,,,4.37E-32,0.00E+00,294,D₂ (Pulse Radiolysis),Direct,7,68
477,F+CF₃O→CF₃OF,,,,,9.56E-35,0.00E+00,300,(CF₃O)₂ (Laser P),See note,14,68
478,F+NO+He→FNO+He,0,,,8.92E-32,,,195,F₂ Discharge,Direct,10,7
479,F+NO+He→FNO+He,0,,,8.92E-32,,,288,F₂ Discharge,Direct,10,12
480,F+NO+He→FNO+He,,,,,8.33E-32,0.00E+00,250,,,27,12
481,F+NO+He→FNO+He,,,,,8.33E-32,0.00E+00,300,,,27,20
482,F+NO+NO→FNO+NO,-100,,,1.35E-31,,,195,F₂ Discharge,Direct,10,15
483,F+NO+NO→FNO+NO,-100,,,1.35E-31,,,288,F₂ Discharge,Direct,10,15
484,F+NO+M→FNO+M,,,,,5.79E-32,-1.7,200,,,23,29
485,F+NO+M→FNO+M,,,,,5.79E-32,-1.7,300,,,23,29
486,F+NO₂+M→Produts,,,,,3.31E-30,-2,200,,,23,15
487,F+NO₂+M→Produts,,,,,3.31E-30,-2,300,,,23,15
488,F+NO₂+M→Produts,,,,,3.31E-34,-1.00E+00,200,,,23,"29,30,36"
489,F+NO₂+M→Produts,,,,,9.93E-31,-2.00E+00,200,,,22,"29,30,36"
490,F+NO₂+M→Produts,,,,,3.47E-34,0.00E+00,200,,,22,"29,30,36"
491,F+NO₂+M→Produts,,,,,3.31E-34,-1.00E+00,300,,,23,"29,30,36"
492,F+NO₂+M→Produts,,,,,9.93E-31,-2.00E+00,300,,,22,"29,30,37"
493,F+NO₂+M→Produts,,,,,3.47E-34,0,300,,,22,"29,30,38"
494,F+NF₂+Ne→NF₃+Ne,,,,,2.29E-31,0,308,Ne/Xe/NF₃ (Pulse radiolysis),Direct,20,"29,30,38"
495,F+NF₂+Ne→NF₃+Ne,,,,,1.70E-31,0.00E+00,308,Ne/Xe/NF₃ (Pulse radiolysis),Direct,20,"29,30,37"
496,F+NF₂+Ne→NF₃+Ne,,,,,8.92E-32,0.00E+00,308,Ne/Xe/NF₃ (Pulse radiolysis),Direct,20,"29,30,38"
497,F+NF₂+Ar→NF₃+Ar,-4500,,,5.25E-34,,,1000,,,27,"29,30,38"
498,Cl+CCl₃O₂→Products,,,,,~3.4713483332E-35,,303,CHCl₃/O₂ (P),Relative,26,24
499,Cl+NO+N₂→NOCl+N₂,-532,,,1.18E-32,,,200,COCl₂ (F.P.),Direct,1,25
500,F+NF₂+Ar→NF₃+Ar,-4500,,,5.25E-34,,,2000,,,27,26
501,Cl+CCl₃O₂→Products,,,,,~3.4713483332E-35,,426,CHCl₃/O₂ (P),Relative,26,29
502,Cl+NO+N₂→NOCl+N₂,-532,,,1.18E-32,,,400,COCl₂ (F.P.),Direct,1,"22,33"
503,Cl+NO+He→NOCl+He,,,,,4.08E-32,0.00E+00,294,COCl₂ (F.P.),Direct,1,"1,2"
504,Cl+NO+Ar→NOCl+Ar,,,,,4.37E-32,0.00E+00,294,COCl₂ (F.P.),Direct,1,29
505,Cl+NO+M→NOCl+M,,,,,6.17E-36,0.00E+00,298,Cl₂/H₂/NOₓ/Air (P),See Note,28,"22,33"
506,Cl+NO+M→NOCl+M,-520,,,1.45E-32,,,200,,,27,"1,2"
507,Cl+NO+M→NOCl+M,,,,,9.10E-32,-1.60E+00,200,,,23,"1,3"
508,Cl+NO₂+M→ClONO+M,,,,,1.60E-30,-2.00E+00,200,,,23,"1,4"
509,Cl+NO₂+M→ClONO+M,,,,,1.65E-34,-1.00E+00,200,,,23,34
510,Cl+NO+M→NOCl+M,,,,,9.10E-32,-1.6,300,,,23,"29,35"
511,Cl+NO₂+M→ClONO+M,,,,,1.60E-30,-2.00E+00,300,,,23,"29,30,36"
512,Cl+NO₂+M→ClONO+M,,,,,1.65E-34,-1.00E+00,300,,,23,"29,30,36"
513,Cl+NO₂+M→ClNO₂+M,,,,,1.35E-35,0,298,Cl₂/H₂/NOₓ/Air (P),See Note,28,"29,30,37"
514,Cl+NO₂+M→ClNO₂+M,,,,,2.21E-31,-2,200,,,23,"29,35"
515,Cl+NO₂+M→ClNO₂+M,,,,,1.65E-34,-1.00E+00,200,,,23,"29,30,36"
516,Cl+NO₂+M→ClNO₂+M,,,,,2.21E-31,-2.00E+00,300,,,23,"29,30,36"
517,Cl+NO₂+M→ClNO₂+M,,,,,1.65E-34,-1,300,,,23,"29,30,37"
518,Br+NO+He→BrNO+He,,,,,9.34E-33,0,300,Br₂ (F.P.),See Note,2,34
519,I+CH₃+Kr→CH₃I+Kr,,,,,1.74E-35,0,294,CH₃I (P),Direct,21,"29,30,36"
520,I+CD₃+Kr→CD₃I+Kr,,,,,5.50E-35,0,294,CD₃I (P),Direct,21,"29,30,37"
521,I+CH₂I+Kr→CH₂I₂+Kr,,,,,2.19E-34,0.00E+00,294,CH₂I₂ (P),Direct,21,"29,30,36"
522,I+C₂H₅+Kr→C₂H₅I+Kr,,,,,2.19E-35,0.00E+00,294,C₂H₅I (P),Direct,21,"29,30,37"
523,I+NO+Ar→INO+Ar,,,,,1.02E-32,0,298,I₂ (F.P.),Direct,3,5
524,I+NO+Ar→INO+Ar,,,,,9.13E-33,0.00E+00,328,I₂ (F.P.),Direct,3,"22,27,28"
525,I+NO+H₂→INO+H₂,,,,,7.42E-33,0.00E+00,295,H₂/HI (Pulse radiolysis),Direct,17,"22,27,28"
526,I+NO+M→INO+M,,,,,1.79E-32,-1,200,,,22,"22,27,28"
527,I+NO+M→INO+M,,,,,2.76E-35,0,200,,,22,"22,27,28"
528,I+NO₂+M→INO₂+M,,,,,3.03E-31,-1.00E+00,200,,,22,6
529,I+NO₂+M→INO₂+M,,,,,1.10E-34,0,200,,,22,6
530,O+NO+M→NO₂+M,-588,,,1.78E-32,,,298,Modulated N₂O/Hg*,Direct,4,
531,O+NO+M→NO₂+M,-619,,,1.66E-32,,,298,Modulated N₂O/Hg*,Direct,4,"29,36,38"
532,O+NO+M→NO₂+M,-265,,,6.03E-32,,,298,Modulated N₂O/Hg*,Direct,8,"22.29,37,38"
533,I+NO+M→INO+M,,,,,1.79E-32,-1,300,,,22,"29,36,38"
534,I+NO+M→INO+M,,,,,2.76E-35,0,300,,,22,"22.29,37,38"
535,I+NO₂+M→INO₂+M,,,,,3.03E-31,-1.00E+00,300,,,22,"7,8"
536,I+NO₂+M→INO₂+M,,,,,1.10E-34,0.00E+00,300,,,22,"7,9"
537,O+NO+M→NO₂+M,-588,,,1.78E-32,,,554,Modulated N₂O/Hg*,Direct,4,"7,13"
538,O+NO+M→NO₂+M,-619,,,1.66E-32,,,554,Modulated N₂O/Hg*,Direct,4,"29,36,38"
539,O+NO+M→NO₂+M,-265,,,6.03E-32,,,574,Modulated N₂O/Hg*,Direct,8,"22.29,37,38"
540,O+NO+M→NO₂+M,,,,,1.21E-31,-1.80E+00,200,,,23,"29,36,38"
541,O+NO+M→NO₂+M,,,,,5.02E-35,0,200,,,23,"22.29,37,38"
542,O+NO+M→NO₂+M,,,,,4.96E-35,0.3,300,,,22,"7,8"
543,O+NO+M→NO₂+M,,,,,1.21E-31,-1.80E+00,300,,,23,"7,9"
544,O+NO+M→NO₂+M,,,,,5.02E-35,0.00E+00,300,,,23,"7,13"
545,O+NO+M→NO₂+M,,,,,4.96E-35,3.00E-01,1500,,,22,"29,30,36"
546,O+NO+He→NO₂+He,,,,,4.17E-32,0.00E+00,298,N+NO→O+N₂,Direct,12,"22,29,30,37"
547,O+NO+N₂→NO₂+N₂,,,,,7.77E-32,0.00E+00,298,N+NO→O+N₂,Direct,12,"29,37"
548,O+NO+N₂→NO₂+N₂,,,,,1.10E-31,0.00E+00,299,NO (F.P.),Direct,24,"29,30,36"
549,O+NO+N₂→NO₂+N₂,,,,,9.93E-32,-1.60E+00,200,,,22,"22,29,30,37"
550,O+NO+Ar→NO₂+Ar,-508,,,1.26E-32,,,237,NO (F.P.),Direct,6,"29,37"
551,O+NO+O₂→NO₂+O₂,,,,,8.55E-32,-1.80E+00,200,,,22,"17,18"
552,O+NO+N₂→NO₂+N₂,,,,,9.93E-32,-1.60E+00,300,,,22,17
553,O+NO+Ar→NO₂+Ar,-508,,,1.26E-32,,,397,NO (F.P.),Direct,6,31
554,O+NO+SO₂→NO₂+SO₂,,,,,8.55E-32,0.00E+00,299,NO (F.P.),Direct,24,29
555,O+NO₂+M→NO₃+M,,,,,8.27E-32,-2.00E+00,200,,,23,11
556,O+NO₂+M→NO₃+M,,,,,3.63E-35,0.00E+00,200,,,23,29
557,O+NO₂+M→NO₃+M,,,,,8.27E-32,-2.00E+00,200,,,22,29
558,O+NO₂+M→NO₃+M,,,,,3.63E-35,0.00E+00,200,,,22,11
559,O+NO₂+M→NO₃+M,,,,,8.27E-32,-2.00E+00,300,,,23,29
560,O+NO₂+M→NO₃+M,,,,,3.63E-35,0.00E+00,300,,,23,31
561,O+NO₂+M→NO₃+M,,,,,8.27E-32,-2.00E+00,400,,,22,"29,30,36"
562,O+NO₂+M→NO₃+M,,,,,3.63E-35,0.00E+00,400,,,22,"22,29,30,37"
563,H+CH₃+He→CH₄+He,,,,,1.45E-29,0.00E+00,295,H₂/He discharge/C₂H₄ (T),,4,"29,36,38"
564,H+CH₃+NO→CH₄+NO,,,,,5.50E-28,0.00E+00,295,H₂/He discharge/C₂H₄ (T),,4,"29,36,37"
565,H+C₂H₅→C₂H₆,,,,,9.78E-35,0.00E+00,298,C₂H₄ (F.P.),,5,"29,30,36"
566,H+C₂H₅→C₂H₆,,0.2,0.9,1.78E-34,,,321,H₂ discharge/C₂H₄,,4a,"22,29,30,37"
567,H+HO+H₂O→H₂O+H₂O,,,,,3.81E-25,-2.00E+00,1000,,,6,"29,36,38"
568,H+HO+H₂O→H₂O+H₂O,,,,,3.81E-25,-2.00E+00,3000,,,6,"29,36,37"
569,H+HO+He→H₂O+He,,,,,4.41E-25,-2.60E+00,230,H₂/He discharge/NO₂,,7a,3
570,H+HO+He→H₂O+He,,,,,4.41E-25,-2.60E+00,300,H₂/He discharge/NO₂,,7a,3
571,H+HO+Ar→H₂O+Ar,,,,,2.29E-31,0.00E+00,300,H₂/He discharge/NO₂,,7a,"2,4"
572,H+HO+N₂→H₂O+N₂,,,,,4.79E-31,0.00E+00,300,H₂/He discharge/NO₂,,7a,"2,3a"
573,H+HO+CO₂→H₂O+CO₂,,,,,8.92E-31,0.00E+00,300,H₂/He discharge/NO₂,,7a,"2,5"
574,H+HO+H₂→H₂O+H₂,,,,,2.46E-32,0.00E+00,873,H₂/N₂O/He (T),,8,"2,5"
575,H+HO+H₂→H₂O+H₂,,-0.5,-2.4,1.48E-32,,,230,,,9,6a
576,H+HO+H₂→H₂O+H₂,,-0.5,-2.4,1.48E-32,,,700,,,9,6a
577,H+HO+H₂→H₂O+H₂,,,,,6.03E-32,0.00E+00,294,H₂/Hg*,,10,6a
578,H+HO+H₂→H₂O+H₂,,,,,4.27E-32,0.00E+00,298,H₂/Hg*,,10a,6a
579,H+HO+H₂→H₂O+H₂,,0.7,3,1.26E-32,,,298,H₂/Hg*,,10b,6a
580,H+HO+H₂→H₂O+H₂,,0.7,3,1.26E-32,,,477,H₂/Hg*,,10b,3
581,H+NO+NO→HNO+NO,,,,,5.25E-32,0,298,H₂/Hg*,,10b,5
582,H+NO+N₂→HNO+N₂,,,,,3.89E-32,0,392,"N+NO→N₂+O
O/NO/H₂/N₂ (T)",,11,5
583,H+NO+Ar→HNO+Ar,,,,,2.40E-32,0,392,"N+NO→N₂+O
O/NO/H₂/Ar (T)",,11,7
584,H+NO+Kr→HNO+Kr,,,,,5.38E-32,0,294,H₂/Hg*,,10,17
585,H+NO+He→HNO+He,,,,,4.27E-32,0,294,H₂/Hg*,,10,17
586,H+NO+Ar→HNO+Ar,,,,,3.89E-32,0,294,H₂/Hg*,,10,17
587,H+NO+Ne→HNO+Ne,,,,,2.09E-32,0,294,H₂/Hg*,,10,17
588,H+NH₂+Ar→NH₃+Ar,,-7.56,-31.59,,1.32E-33,0,2000,,,9,8
589,H+NH₂+Ar→NH₃+Ar,,-7.56,-31.59,,1.32E-33,0,3000,,,9,9
590,H+NH₂→NH₃,,,,,5.02E-35,0,298,NH₃ Radiolysis,,12,10
591,F+NF₂+He→NF₃+He,,,,,8.92E-31,0,298,"N₂F₄ + 2NF₂
N+NF₂→2F+N₂",,13,10
592,CL+NF₂+Ar→NF₂Cl + Ar,,,,,2.69E-31,0,293,Cl₂/Ar discharge; N₂F₄ (T),,14,10
593,Br+NF₂+Ar→NF₂Br + Ar,,,,,1.00E-31,0,293,Br₂/Ar discharge; N₂F₄ (T),,14,10
594,I+NO+He→INO+He,,,,,6.03E-33,0,330,I₂  (laser F.P.),,14a,"5,11"
595,I+NO+Ne→INO+Ne,,,,,8.14E-33,0,330,I₂  (laser F.P.),,14a,"5,11"
596,I+NO+Ar→INO+Ar,,,,,9.56E-33,0,330,I₂  (laser F.P.),,14a,2
597,I+NO₂+Xe→INO₂+Xe,,,,,2.04E-32,0,330,I₂  (F.P.),,14a,12
598,I+NO₂+H₂→INO₂+H₂,,,,,2.29E-32,0,330,I₂  (F.P.),,14a,"13,14"
599,I+NO₂+D₂→INO₂+D₂,,,,,1.95E-32,0,330,I₂  (F.P.),,14a,"13,14"
600,I+NO₂+N₂→INO₂+N₂,,,,,2.57E-32,0,330,I₂  (F.P.),,14a,14a
601,I+NO₂+CO→INO₂+CO,,,,,2.69E-32,0,330,I₂  (F.P.),,14a,14a
602,I+NO₂+O₂→INO₂+O₂,,,,,2.82E-32,0,330,I₂  (F.P.),,14a,14a
603,I+NO₂+N₂O→INO₂+N₂O,,,,,3.81E-32,0,330,I₂  (F.P.),,14a,23
604,I+NO₂+CO₂→INO₂+CO₂,,,,,3.55E-32,0,330,I₂  (F.P.),,14a,23
605,I+NO₂+CH₄→INO₂+CH₄,,,,,3.55E-32,0,330,I₂  (F.P.),,14a,23
606,I+NO₂+CF₄→INO₂+CF₄,,,,,3.24E-32,0,330,I₂  (F.P.),,14a,23
607,I+NO₂+C₂H₄→INO₂+C₂H₄,,,,,4.37E-32,0,330,I₂  (F.P.),,14a,23
608,I+NO₂+SF₆→INO₂+SF₆,,,,,3.24E-32,0,330,I₂  (F.P.),,14a,23
609,I+NO₂+C₂H₆→INO₂+C₂H₆,,,,,4.58E-32,0,330,I₂  (F.P.),,14a,23
610,I+NO₂+C₂F₆→INO₂+C₂F₆,,,,,4.79E-32,0,330,I₂  (F.P.),,14a,23
611,I+NO₂+C₃H₈→INO₂+C₃H₈,,,,,5.50E-32,0,330,I₂  (F.P.),,14a,23
612,I+NO₂+C₃F₈→INO₂+C₃F₈,,,,,4.90E-32,0,330,I₂  (F.P.),,14a,23
613,I+NO₂+n-C₄H₁₀→INO₂+n-C₄H₁₀,,,,,6.17E-32,0,330,I₂  (F.P.),,14a,23
614,I+NO₂+i-C₄H₁₀→INO₂+i-C₄H₁₀,,,,,5.90E-32,0,330,I₂  (F.P.),,14a,23
615,I+NO₂+neo-C₅H₁₂→INO₂+neo-C₅H₁₂,,,,,5.76E-32,0,330,I₂  (F.P.),,14a,23
616,I+NO₂+(CH₃)₃CC₂H₅→INO₂+(CH₃)₃CC₂H₅,,,,,6.77E-32,0,330,I₂  (F.P.),,14a,23
617,I+NO₂+(CH₃)₂CHCH₂CH(CH₃)₂→INO₂+M,,,,,6.93E-32,0,330,I₂  (F.P.),,14a,23
618,I+NO₂+(CH₃)₂CCH₂CH(CH₃)₂→INO₂+M,,,,,7.59E-32,0,330,I₂  (F.P.),,14a,23
619,O+NO+Ne→ NO₂+Ne,,-1,-4.2,9.34E-33,,,217,NO (F.P.),,26,23
620,O+NO+He→ NO₂+He,,-1,-4.2,1.07E-32,,,217,NO (F.P.),,26,23
621,O+NO+He→ NO₂+He,,-1,-4.2,1.07E-32,,,500,NO (F.P.),,26,23
622,O+NO+Ar→ NO₂+Ar,,,,,6.46E-32,0,292,N+NO→ N₂+O,,11,23
623,O+NO+Ar→ NO₂+Ar,,-0.9,-3.9,1.45E-32,,,298,O₂ and NO (F.P.),,11a,23
624,O+NO+Ar→ NO₂+Ar,,-0.9,-3.9,1.45E-32,,,439,O₂ and NO (F.P.),,11a,23
625,O+NO+Ar→ NO₂+Ar,,-1.2,-5,8.92E-33,,,217,NO (F.P.),,26,24
626,O+NO+Ar→ NO₂+Ar,,-1.2,-5,8.92E-33,,,500,NO (F.P.),,26,24
627,O+NO+Kr→ NO₂+Kr,,-1.1,-4.6,9.56E-33,,,217,NO (F.P.),,26,24
628,O+NO+Kr→ NO₂+Kr,,-1.1,-4.6,9.56E-33,,,500,NO (F.P.),,26,24
629,O+NO+N₂→ NO₂+N₂,,-1.8,-7.5,5.02E-33,,,285,N+NO→ N₂+O,,11,9
630,O+NO+N₂→ NO₂+N₂,,-1.8,-7.5,5.02E-33,,,425,N+NO→ N₂+O,,11,9
631,O+NO+N₂→ NO₂+N₂,,,,,6.46E-32,0,295,NO₂ (P),,15,9
632,O+NO+N₂→ NO₂+N₂,,,,,5.02E-35,0,295,NO₂ (P),,15,24
633,O+NO+N₂→ NO₂+N₂,,-1.2,-4.8,1.55E-32,,,217,NO (F.P.),,15a,24
634,O+NO+N₂→ NO₂+N₂,,-1.2,-4.8,1.55E-32,,,500,NO (F.P.),,15a,24
635,O+NO+O₂→ NO₂+O₂,,,,,7.09E-32,0,294,NO₂ (P.),,16,24
636,O+NO+O₂/Ar→ NO₂+O₂/Ar,,-1.8,-7.8,3.02E-33,,,200,,,9,9
637,O+NO+O₂/Ar→ NO₂+O₂/Ar,,-1.8,-7.8,3.02E-33,,,500,,,9,9
638,O+NO+N₂O→ NO₂+N₂O,,-0.9,-3.8,2.63E-32,,,300,NO₂ (P.),,17,15
639,O+NO+N₂O→ NO₂+N₂O,,-0.9,-3.8,2.63E-32,,,392,NO₂ (P.),,17,"2,15,16"
640,O+NO+N₂O→ NO₂+N₂O,,,,,1.59E-31,0,299,N₂O/Hg* (P.),,18,16a
641,O+NO+N₂O→ NO₂+N₂O,,-1.2,-5.1,1.66E-32,,,298,N₂O/Hg* (P.),,19,16a
642,O+NO+N₂O→ NO₂+N₂O,,-1.2,-5.1,1.66E-32,,,473,N₂O/Hg* (P.),,19,
643,O+NO+N₂O→ NO₂+N₂O,,-1.6,-6.7,7.25E-33,,,298,N₂O/Hg* (P.),,20,5
644,O+NO+N₂O→ NO₂+N₂O,,-1.6,-6.7,7.25E-33,,,473,N₂O/Hg* (P.),,20,5
645,O+NO+N₂O→ NO₂+N₂O,,,,,1.18E-31,0,294,N₂O/Hg* (P.),,21,17
646,O+NO→ NO₂+hV,,,,,6.93E-42,0,294,NO₂ (P.),,16,17
647,O+NO+N₂→ NO₂+N₂,,,,,7.95E-32,0,295,NO₂ (P.),,15,17
648,O+NO+N₂→ NO₂+N₂,,,,,3.55E-35,0,295,NO₂ (P.),,15,17
649,O+NO+N₂→ NO₂+N₂,,,,,6.32E-32,0,295,,,9,17
650,O+NO+N₂→ NO₂+N₂,,,,,8.14E-32,0,297,NO₂ (P.),,27,17
651,O+SO+N₂→ SO₂+N₂,,,,,1.86E-31,0,298,,,22,17
652,S+CS+Ar→CS₂+Ar,,-8.7,-36.3,2.40E-34,,,1800,,,23,17
653,S+CS+Ar→CS₂+Ar,,-8.7,-36.3,2.40E-34,,,3700,,,23,2
654,Pb+NO+He→ Products,,,,,2.00E-30,0,300,PbEt₄ - pulse irraditation,,23,15
655,Pb+NO+N₂→ Products,,,,,1.20E-30,0,300,PbEt₄ - pulse irraditation,,23,27
656,Pb+NO+CO→ Products,,,,,2.57E-31,0,300,PbEt₄ - pulse irraditation,,23,5
657,Pb+NO+CO₂→ Products,,,,,1.70E-30,0,300,PbEt₄ - pulse irraditation,,23,"21,22"
658,Pb+NO+CH₄→ Products,,,,,7.09E-31,0,300,PbEt₄ - pulse irraditation,,23,5
659,Pb+NO+CF₄→ Products,,,,,3.09E-30,0,300,PbEt₄ - pulse irraditation,,23,18
660,Pb+NO+SF₆→ Products,,,,,8.72E-31,0,300,PbEt₄ - pulse irraditation,,23,18
661,Pb+NO+C₂H₆→ Products,,,,,1.00E-30,0,300,PbEt₄ - pulse irraditation,,23,18
662,Sb+NO+He→ Products,,,,,see note,,294,SbMe₃-pulsed irradiation,,24,18
663,Sb+NO+N₂→ Products,,,,,see note,,294,SbMe₃-pulsed irradiation,,24,18
664,Sb+NO+SF₆→ Products,,,,,see note,,294,SbMe₃-pulsed irradiation,,24,18
665,Bi+NO+He→ Products,,,,,see note,,293,BiMe₃-pulsed irradiation,,25,18
666,Bi+NO+N₂→ Products,,,,,see note,,293,BiMe₃-pulsed irradiation,,25,18
667,Bi+NO+SF₆→ Products,,,,,see note,,293,BiMe₃-pulsed irradiation,,25,18